{"cameraMode":{"drawMode":0,"name":"Shaded","section":"Shading Mode"},"sceneLighting":true,"audioPlay":false,"sceneViewState":{"m_AlwaysRefresh":false,"showFog":true,"showSkybox":true,"showFlares":true,"showImageEffects":true,"showParticleSystems":true,"showVisualEffectGraphs":true,"m_FxEnabled":true},"in2DMode":false,"pivot":{"x":-0.350158154964447,"y":0.9598721861839294,"z":-0.30065789818763735},"rotation":{"x":0.001187603222206235,"y":-0.09612537175416947,"z":-0.00008330064883921295,"w":-0.9953956007957459},"size":0.17775923013687135,"orthographic":false}