{"cameraMode":{"drawMode":0,"name":"Shaded","section":"Shading Mode"},"sceneLighting":true,"audioPlay":false,"sceneViewState":{"m_AlwaysRefresh":false,"showFog":true,"showSkybox":true,"showFlares":true,"showImageEffects":true,"showParticleSystems":true,"showVisualEffectGraphs":true,"m_FxEnabled":true},"in2DMode":false,"pivot":{"x":-4.732038497924805,"y":-0.15566092729568482,"z":-7.503680229187012},"rotation":{"x":0.001187603222206235,"y":-0.09612537175416947,"z":-0.00008330064883921295,"w":-0.9953956007957459},"size":0.42224085330963137,"orthographic":false}